question,Task Title,Task Description,falsifier_response,Conclusion
why we should lower the learning rate if the model gets bigger,Explaining Model Training Hyperparameter Adjustment,"This task involves providing a clear and precise explanation for why a particular training hyperparameter—in this case, the learning rate—should be modified in response to changes in the model’s size or complexity. The pattern requires the system to identify a causal or principled relationship between the scale of a model and the recommended adjustment to its training regimen. Questions in this task solicit explanations grounded in machine learning theory or empirical practice that justify why a certain strategy is beneficial for training stability or performance.","Analysis: The question explicitly asks why the learning rate should be lowered if the model size increases. This directly relates to adjusting a specific training hyperparameter (learning rate) in response to a change in model complexity/scale (the model getting bigger). The task requires explanations grounded in machine learning theory or practice that justify such adjustments, and this question is precisely soliciting that kind of explanation. Despite being succinct, it clearly touches on the causal relationship between model size and learning rate adjustment, which is the core requirement of the category.

Reasoning: Although the question is brief and does not specify details like the magnitude of model increase or particular architectures, the fundamental concept aligns well with the task’s criteria. The question’s focus on why the learning rate should be lowered as model size increases fits squarely within providing an explanation for hyperparameter adjustment based on model complexity. Therefore, the question meets the category’s intent and requirements.

Conclusion: Aligned",Aligned
why we should lower the learning rate if the model gets bigger,Identifying Algorithm Best-Case Scenarios from Multiple-Choice Options,This task requires selecting the correct best-case scenario for a given sorting algorithm from a set of multiple-choice options. It involves understanding how the input structure or initial data ordering impacts the algorithm’s performance and then mapping this understanding to a specific choice among alternatives. The pattern emphasizes precise algorithmic behavior knowledge and the ability to discern which input condition optimizes runtime or efficiency.,"Analysis: The task focuses on identifying best-case scenarios for sorting algorithms based on multiple-choice questions, specifically related to how input characteristics affect the algorithm’s performance. This requires knowledge of algorithm behavior and input structure.

The question presented asks, ""why we should lower the learning rate if the model gets bigger,"" which relates to machine learning concepts, specifically training neural networks or other models. It involves considerations about optimization, training stability, and convergence, rather than sorting algorithms or input configurations affecting performance.

There is no mention or implication of sorting algorithms, best-case input scenarios, or multiple-choice options regarding algorithm efficiency. The question’s focus on learning rate and model size pertains to a different domain—machine learning training dynamics—rather than algorithmic performance related to sorting inputs.

Reasoning: Since the question does not touch upon sorting algorithms, input ordering, or selecting best-case algorithmic scenarios from multiple-choice options, it does not share the key aspects of the task description. Although the task description allows for alignment if any part of the question relates even minimally to identifying best-case scenarios in sorting algorithms, this question does not include any such elements.

Conclusion: Unaligned",Unaligned
why we should lower the learning rate if the model gets bigger,Generating Content with a Desired Psychological or Emotional Effect,"This task entails producing statements, ideas, or information crafted to induce a specific psychological or emotional state—in the given example, sleepiness. The pattern focuses on creating content whose primary function is to elicit a non-factual, sensory, or mood-related reaction, rather than directly answering a technical or knowledge-based query. This requires empathetic or experiential understanding and the ability to translate that into appropriate language or suggestions.","Analysis: The given task category focuses on generating content designed to evoke a psychological or emotional response, such as inducing sleepiness. The core aspect is the creation of language or ideas that primarily aim to produce a mood, sensation, or non-factual experiential effect. The provided question, “why we should lower the learning rate if the model gets bigger,” is a technical query about machine learning optimization strategies. It asks for a rationale behind modifying a training hyperparameter relative to model size, which is an informational and fact-based topic.

Reasoning: The question does not request content designed to elicit any psychological or emotional state, sensory experience, or mood-related reaction. It is centered on knowledge explanation about machine learning practices. There is no element, however minor, in the question that connects to generating content with a desired psychological or emotional effect as described in the category. The question is precise and straightforward, with no ambiguity regarding its informational intent.

Conclusion: Unaligned",Unaligned
"When is the best case scenario of merge/insertion sort respectively?

Choice 1 of 4: when the array is already sorted

Choice 2 of 4:when the array is already sorted backward

Choice 3 of 4:when the array is sorted by pairs

Choice 4 of 4:there is no best case for merge/insertion sort

Also, Order the following algorithms from smallest Big O runtime to largest Big O runtime (if two algorithms have the same runtime sort them alphabetically):
sequential search, binary search, selection sort, insertion sort, merge sort",Explaining Model Training Hyperparameter Adjustment,"This task involves providing a clear and precise explanation for why a particular training hyperparameter—in this case, the learning rate—should be modified in response to changes in the model’s size or complexity. The pattern requires the system to identify a causal or principled relationship between the scale of a model and the recommended adjustment to its training regimen. Questions in this task solicit explanations grounded in machine learning theory or empirical practice that justify why a certain strategy is beneficial for training stability or performance.","Analysis: The category title and description focus on explaining why a particular training hyperparameter, specifically the learning rate, should be adjusted when the model's size or complexity changes. This involves identifying causal or principled relationships tied to machine learning theory or empirical evidence about training stability or performance. 

The provided question, however, is about the best-case scenarios for merge sort and insertion sort and about ordering algorithms by their Big O runtime complexities. It relates to algorithm analysis and runtime complexity, not to training hyperparameters or adjustments based on model size or complexity. No part of the question addresses learning rates, hyperparameter tuning, model training strategies, or any aspects of machine learning beyond classic algorithm theory. 

While the question deals with algorithmic concepts, it is centered on sorting and search algorithm behaviors rather than the hyperparameter adjustment topic specified in the task. There is no explicit or implicit connection to training regimen adjustments or the learning rate in response to model scale.

Reasoning: Since no portion of the question involves training hyperparameters or their adjustment based on changes in model complexity or size, it is not aligned with the described task. The focus is strictly on sorting algorithms, their best-case scenarios, and runtime orders, which falls outside the scope of explaining model training hyperparameter adjustments.

Conclusion: Unaligned",Unaligned
"When is the best case scenario of merge/insertion sort respectively?

Choice 1 of 4: when the array is already sorted

Choice 2 of 4:when the array is already sorted backward

Choice 3 of 4:when the array is sorted by pairs

Choice 4 of 4:there is no best case for merge/insertion sort

Also, Order the following algorithms from smallest Big O runtime to largest Big O runtime (if two algorithms have the same runtime sort them alphabetically):
sequential search, binary search, selection sort, insertion sort, merge sort",Identifying Algorithm Best-Case Scenarios from Multiple-Choice Options,This task requires selecting the correct best-case scenario for a given sorting algorithm from a set of multiple-choice options. It involves understanding how the input structure or initial data ordering impacts the algorithm’s performance and then mapping this understanding to a specific choice among alternatives. The pattern emphasizes precise algorithmic behavior knowledge and the ability to discern which input condition optimizes runtime or efficiency.,"Analysis:  
The category is focused on identifying the best-case scenario for a given sorting algorithm from multiple-choice options. The question explicitly asks about the best-case scenarios of merge sort and insertion sort, which directly relates to understanding how input structure (like the array being already sorted) impacts the algorithm's performance. The multiple-choice options provide different input conditions, and the respondent is expected to select the one(s) that represent the best-case scenario for these algorithms. This aligns well with the task description emphasizing recognition of input order affecting algorithm runtime.

Additionally, the question includes a second part that asks to order algorithms by their Big O runtime, which does not strictly fit the category description but does not detract from the alignment regarding the first part about best-case scenarios. Since the category requires only some aspect of the question to align, the presence of additional unrelated parts does not disqualify alignment.

Reasoning:  
The question’s first part satisfies the criteria of understanding input arrangement and selecting best-case scenarios for sorting algorithms via multiple-choice. The inclusion of merge and insertion sorts explicitly ties it to algorithmic best-case behavior. The choices given reflect common input structures typically considered in algorithm analysis. The second part is an extra but does not contradict the requirement. Therefore, the question meets the essential aspects of the category.

Conclusion: Aligned",Aligned
"When is the best case scenario of merge/insertion sort respectively?

Choice 1 of 4: when the array is already sorted

Choice 2 of 4:when the array is already sorted backward

Choice 3 of 4:when the array is sorted by pairs

Choice 4 of 4:there is no best case for merge/insertion sort

Also, Order the following algorithms from smallest Big O runtime to largest Big O runtime (if two algorithms have the same runtime sort them alphabetically):
sequential search, binary search, selection sort, insertion sort, merge sort",Generating Content with a Desired Psychological or Emotional Effect,"This task entails producing statements, ideas, or information crafted to induce a specific psychological or emotional state—in the given example, sleepiness. The pattern focuses on creating content whose primary function is to elicit a non-factual, sensory, or mood-related reaction, rather than directly answering a technical or knowledge-based query. This requires empathetic or experiential understanding and the ability to translate that into appropriate language or suggestions.","Analysis: The task category involves generating content designed to evoke a specific psychological or emotional effect, such as inducing sleepiness or a mood-related reaction. The question provided asks about the best case scenarios for merge and insertion sort algorithms and then requests ordering these algorithms by their Big O runtimes. These are purely technical, knowledge-based questions about algorithmic time complexity and sorting cases. There is no element in the question that aims to create a psychological or emotional response or to induce a sensory or mood-related state. The question is straightforward and fact-oriented, focusing on factual recall or reasoning about algorithm behavior rather than any experiential or empathetic content generation.

Reasoning: Since the question focuses strictly on algorithmic concepts and their computational complexity, it does not meet even a minor aspect of the task’s requirement to produce statements or ideas crafted to induce an emotional or psychological state. The content is informational, educational, and technical rather than experiential or mood-inducing. There is no ambiguity here—no part of the question connects to evoking a psychological or emotional effect by any standard interpretation of the task description.

Conclusion: Unaligned",Unaligned
tell me something that will get me sleepy,Explaining Model Training Hyperparameter Adjustment,"This task involves providing a clear and precise explanation for why a particular training hyperparameter—in this case, the learning rate—should be modified in response to changes in the model’s size or complexity. The pattern requires the system to identify a causal or principled relationship between the scale of a model and the recommended adjustment to its training regimen. Questions in this task solicit explanations grounded in machine learning theory or empirical practice that justify why a certain strategy is beneficial for training stability or performance.","Analysis: The task requires explaining why a training hyperparameter, specifically the learning rate, should be adjusted based on changes in a model’s size or complexity. The question, however, asks for something that will make the asker sleepy, which is unrelated to machine learning, model training, hyperparameters, or any technical explanation regarding learning rates or model complexity. There is no mention of models, training processes, hyperparameters, or causal relationships related to these concepts anywhere in the question.

Reasoning: Since the question does not address or even hint at any element of model training or hyperparameter adjustment, it does not meet any aspect of the category description or title. It is straightforwardly unrelated, and the task description is clear and specific enough to make this judgment without ambiguity.

Conclusion: Unaligned",Unaligned
tell me something that will get me sleepy,Identifying Algorithm Best-Case Scenarios from Multiple-Choice Options,This task requires selecting the correct best-case scenario for a given sorting algorithm from a set of multiple-choice options. It involves understanding how the input structure or initial data ordering impacts the algorithm’s performance and then mapping this understanding to a specific choice among alternatives. The pattern emphasizes precise algorithmic behavior knowledge and the ability to discern which input condition optimizes runtime or efficiency.,"Analysis: The task involves identifying the best-case scenario for a sorting algorithm from multiple-choice options. It requires knowledge of algorithm behavior and input conditions impacting performance. The provided question, ""tell me something that will get me sleepy,"" is a request for information unrelated to sorting algorithms, best-case scenarios, or any aspect of algorithmic performance. There is no element within the question connected to sorting algorithms, input order, or efficiency optimization. Additionally, the question does not fit within the scope of the task described.

Reasoning: Since the question does not mention algorithms, sorting, performance, input cases, or anything that ties to the category, it fails to meet any aspect of the criteria. The task description is clear and specific enough to make this judgment confidently.

Conclusion: Unaligned",Unaligned
tell me something that will get me sleepy,Generating Content with a Desired Psychological or Emotional Effect,"This task entails producing statements, ideas, or information crafted to induce a specific psychological or emotional state—in the given example, sleepiness. The pattern focuses on creating content whose primary function is to elicit a non-factual, sensory, or mood-related reaction, rather than directly answering a technical or knowledge-based query. This requires empathetic or experiential understanding and the ability to translate that into appropriate language or suggestions.","Analysis: The task category requires generating content specifically designed to induce a psychological or emotional state, such as sleepiness. The question ""tell me something that will get me sleepy"" explicitly requests a statement or content that will cause the feeling of sleepiness, which is a direct psychological/emotional effect. Although the question is straightforward and brief, it clearly connects to the task criteria because it asks for content crafted with the intention of inducing a sensory or mood-related reaction, rather than seeking factual or technical information.

Reasoning: Since the question explicitly aims to prompt content inducing sleepiness—a psychological state—it aligns well with the category description. The question's primary focus matches the purpose of the category, even if it is simple or direct. There is no ambiguity or vagueness about the intent; the user is asking for suggestions or statements to make them feel sleepy, which fits squarely within the task’s scope.

Conclusion: Aligned",Aligned
